1,ESTAS
2,ESTOY
3,TENGO
4,DONDE
5,VAMOS
6,PUEDO
7,TIENE
8,AHORA
9,QUIEN
10,BUENO
11,TODOS
12,PUEDE
13,HACER
14,NUNCA
15,ESTAN
16,SABES
17,HASTA
18,SOBRE
19,USTED
20,MEJOR
21,MUCHO
22,ESTAR
23,ANTES
24,DECIR
25,NADIE
26,DESDE
27,FAVOR
28,TENIA
29,HABIA
30,GENTE
31,COSAS
32,HECHO
33,SEÑOR
34,TENER
35,BUENA
36,ELLOS
37,FUERA
38,CREES
39,TODAS
40,MENOS
41,HABER
42,PADRE
43,CLARO
44,GUSTA
45,LUGAR
46,ALGUN
47,LUEGO
48,QUIZA
49,ESTOS
50,HACIA
51,HEMOS
52,MISMO
53,NOCHE
54,ENTRE
55,VISTO
56,MUNDO
57,SOMOS
58,PARTE
59,PENSE
60,SABER
61,SERIA
62,DEBES
63,AMIGO
64,HACES
65,MADRE
66,VECES
67,NUEVO
68,SABIA
69,TANTO
70,SALIR
71,MUJER
72,NUEVA
73,UNICO
74,FORMA
75,SIGUE
76,PODER
77,CHICA
78,DEJAR
79,DICHO
80,VIENE
81,TOMAR
82,LLAMA
83,RAZON
84,HABLA
85,OTROS
86,JUSTO
87,CHICO
88,CINCO
89,PODIA
90,PASAR
91,DICEN
92,VIEJO
93,LLAMO
94,PUEDA
95,ACABO
96,TARDE
97,SABEN
98,CERCA
99,VENGA
100,FELIZ
101,MANOS
102,QUEDA
103,IGUAL
104,UNICA
105,VENIR
106,CLASE
107,TRATA
108,HAGAS
109,DICES
110,HACEN
111,MATAR
112,TENGA
113,HABRA
114,NIÑOS
115,MUCHA
116,ADIOS
117,LLEVO
118,CREER
119,MIEDO
120,MEDIO
121,DEBEN
122,PUNTO
123,VIVIR
124,MISMA
125,LLEVA
126,VERAS
127,LISTO
128,JAMAS
129,MAYOR
130,LLEGO
131,AYUDA
132,TRATO
133,HORAS
134,JUEGO
135,DIGAS
136,FALTA
137,GUSTO
138,ACABA
139,OTRAS
140,COMER
141,MURIO
142,VEMOS
143,FINAL
144,JUGAR
145,PONER
146,HABLO
147,SUENA
148,SERIO
149,MIREN
150,FACIL
151,VISTE
152,RESTO
153,CULPA
154,HARIA
155,JOVEN
156,MORIR
157,BASTA
158,HIJOS
159,ARMAS
160,PERRO
161,LISTA
162,LEJOS
163,DARLE
164,MESES
165,POBRE
166,TRAJE
167,ATRAS
168,GRUPO
169,ESTES
170,SALIO
171,VERTE
172,ORDEN
173,MITAD
174,SEGUN
175,LINEA
176,CREIA
177,LIBRO
178,ABAJO
179,CAMPO
180,BUSCA
181,VIAJE
182,OJALA
183,CALLE
184,JUNTO
185,LLAME
186,PAGAR
187,QUISE
188,MEDIA
189,CREEN
190,TIPOS
191,ENTRA
192,SALVO
193,HABLE
194,LARGO
195,FUEGO
196,QUEDO
197,SIETE
198,JAMES
199,SITIO
200,DIRIA
201,GANAR
202,LLEGA
203,SERAN
204,DOLOR
205,COCHE
206,SUEÑO
207,SERAS
208,DECIA
209,HAZLO
210,AVION
211,SACAR
212,CIELO
213,DEJES
214,HAGAN
215,AMBOS
216,AQUEL
217,LINDO
218,VAYAN
219,ACASO
220,DESEO
221,MENTE
222,LIBRE
223,DEMAS
224,ESTEN
225,SANTO
226,DARME
227,FOTOS
228,HAYAS
229,DARTE
230,DEBIA
231,SEÑAL
232,DAMAS
233,AMIGA
234,PERDI
235,SOLIA
236,QUEDE
237,NIVEL
238,TONTO
239,PODRA
240,NEGRO
241,LINDA
242,VIEJA
243,CAUSA
244,HARAS
245,CARNE
246,SALGA
247,MANDO
248,MILES
249,TANTA
250,ABRIR
251,LLENO
252,CORRE
253,BARCO
254,TRAER
255,VUELO
256,VAYAS
257,VERLO
258,DEJEN
259,LLEVE
260,DANDO
261,PEDIR
262,HOTEL
263,SANTA
264,PELEA
265,HONOR
266,CAPAZ
267,PIDIO
268,MIRAR
269,CORTE
270,DEBIO
271,PONTE
272,VISTA
273,CARTA
274,ELLAS
275,DULCE
276,LUCES
277,DEJAS
278,JESUS
279,TOCAR
280,ERROR
281,NOVIA
282,CARGO
283,RAYOS
284,BANCO
285,PODRE
286,ENTRO
287,OIGAN
288,TRATE
289,DOBLE
290,PAPEL
291,ENVIO
292,GANAS
293,CALMA
294,PONGA
295,DUELE
296,LLAVE
297,VENGO
298,PERRA
299,SENTI
300,NORTE
301,ROBOT
302,QUISO
303,COLOR
304,PARAR
305,SIRVE
306,NOVIO
307,REINA
308,LLENA
309,ABRAN
310,TRAJO
311,VOLAR
312,PESAR
313,GOLPE
314,BAILE
315,HAYAN
316,BOMBA
317,SIGAN
318,LARGA
319,HARAN
320,BUSCO
321,BOLSA
322,SUBIR
323,DISTE
324,VIDAS
325,BAJAR
326,SUPER
327,BRAZO
328,IRNOS
329,TOQUE
330,NUEVE
331,HUELE
332,VALOR
333,RADIO
334,DESEA
335,FONDO
336,OISTE
337,MALAS
338,TOMAS
339,ECHAR
340,MUERE
341,BEBER
342,BELLA
343,CENAR
344,POCOS
345,SUELO
346,CORTO
347,DILES
348,LIDER
349,MUEVE
350,HEROE
351,YENDO
352,ROBAR
353,BANDA
354,PONES
355,LUCHA
356,HAZME
357,HOGAR
358,DUEÑO
359,PISTA
360,COGER
361,BROMA
362,PARIS
363,PONGO
364,CARGA
365,TOMEN
366,CALOR
367,VIVES
368,SAQUE
369,VERME
370,CUIDA
371,MARCA
372,COSTA
373,RELOJ
374,MIRES
375,TORRE
376,DEJAN
377,FUESE
378,LEYES
379,VIMOS
380,SERIE
381,SIGLO
382,CINTA
383,ANDAR
384,SOCIO
385,VIDEO
386,VIVEN
387,PONEN
388,SERES
389,ARBOL
390,CONTO
391,PASAN
392,DARIA
393,VERLA
394,VIRUS
395,EPOCA
396,QUITA
397,CREAR
398,LOGRO
399,GORDO
400,PRISA
401,PENSO
402,SALUD
403,MUERO
404,METER
405,AYUDE
406,VERDE
407,CANAL
408,CARAY
409,DEBER
410,EXITO
411,SEPAS
412,PULSO
413,MENOR
414,CORTA
415,PRIMO
416,SILLA
417,CASAS
418,POCAS
419,BALAS
420,HIELO
421,LEIDO
422,AYUDO
423,LECHE
424,JODER
425,ANGEL
426,TRUCO
427,VOLVI
428,VENIA
429,VIVIA
430,SALON
431,TOTAL
432,VERAN
433,DATOS
434,CARRO
435,REINO
436,OESTE
437,NAVES
438,ENVIE
439,DEDOS
440,FIRMA
441,ACABE
442,TRAES
443,FLOTA
444,ADORO
445,MALOS
446,SALEN
447,APOYO
448,CURSO
449,REGLA
450,JUEGA
451,CLAVE
452,TIRAR
453,NARIZ
454,SALVE
455,FIRME
456,AMBAS
457,TRAGO
458,NACIO
459,MODOS
460,MOVER
461,DIGAN
462,ENVIA
463,METAS
464,IDEAS
465,PAPAS
466,FECHA
467,RUIDO
468,COSTO
469,TURNO
470,SALES
471,PARED
472,SALGO
473,DROGA
474,DAMOS
475,TUMBA
476,COMUN
477,MIRAS
478,CREAS
479,TOMES
480,GUSTE
481,MANDA
482,PASOS
483,HARTO
484,AUTOS
485,PAGAN
486,MAGIA
487,SALTO
488,COPIA
489,CASOS
490,CABLE
491,SABRA
492,SOLOS
493,GRAVE
494,FUMAR
495,CONDE
496,RUMBO
497,ACTUA
498,APAGA
499,USADO
500,CERDO
501,PLAYA
502,METIO
503,HECHA
504,DIRAS
505,PAGUE
506,DEBIL
507,PASEO
508,NIEVE
509,MOTOR
510,ARAÑA
511,POLLO
512,POLVO
513,LOCOS
514,MANDE
515,PASAS
516,RUEGO
517,ACTOR
518,CAJAS
519,BAJEN
520,JUNTA
521,TAREA
522,DISCO
523,NEGRA
524,MUSEO
525,SUCIO
526,QUESO
527,GENIO
528,DARAN
529,PLATA
530,BRAVO
531,NOBLE
532,MINAS
533,UNION
534,PONLO
535,TECHO
536,CAIDO
537,PECHO
538,AVISO
539,PIEZA
540,NOTAS
541,LOCAL
542,NIÑAS
543,VIVOS
544,AMABA
545,PLATO
546,SABOR
547,QUITE
548,QUITO
549,CONTE
550,CLIMA
551,BRUJA
552,CHINA
553,LUNES
554,PUNTA
555,RITMO
556,PASEN
557,JULIO
558,FALLA
559,TROZO
560,PLACA
561,PAREN
562,VENDE
563,MATAN
564,SALSA
565,SALVA
566,BORDO
567,EXTRA
568,ARENA
569,CREMA
570,DIMOS
571,TOMAN
572,ALMAS
573,RATAS
574,FALLO
575,ABRIO
576,OBVIO
577,CELDA
578,TONTA
579,CARAS
580,BOLAS
581,BEBES
582,SONAR
583,CANTA
584,TUNEL
585,MATEN
586,SUAVE
587,GLOBO
588,SUBAN
589,DENME
590,COMEN
591,DARSE
592,PUTAS
593,MARCO
594,CAIDA
595,HUMOR
596,ROMPE
597,RICOS
598,BELLO
599,METRO
600,VUELA
601,CIEGO
602,GATOS
603,GUAPO
604,TEXAS
605,RUEDA
606,SEPAN
607,SEGUI
608,SALIA
609,VENTA
610,BORDE
611,MIRAD
612,DANOS
613,LADOS
614,TRAEN
615,BOTON
616,MONTE
617,PECES
618,CAUSO
619,BOTAS
620,PASES
621,ODIAS
622,HAZTE
623,DEUDA
624,CASAR
625,COBRA
626,LANZA
627,BURRO
628,TETAS
629,BOLSO
630,VERLE
631,SALTA
632,MUERA
633,DAÑOS
634,METES
635,CRUEL
636,MUEVA
637,ANDAS
638,CREYO
639,RUSOS
640,DIERA
641,HUEVO
642,TEMAS
643,SACAS
644,ACERO
645,SUELE
646,CALLA
647,DETEN
648,LOGRE
649,CHINO
650,LEGAL
651,ELIGE
652,REYES
653,DINOS
654,NIEGA
655,PIZZA
656,ATACO
657,VEGAS
658,ARTES
659,PINTA
660,LENTO
661,GRADO
662,MATAS
663,LAVAR
664,PLAZA
665,NADAR
666,LETRA
667,DENLE
668,COMES
669,FINES
670,DUDAS
671,HALLE
672,DOSIS
673,VALLE
674,KILOS
675,TIGRE
676,ROMPI
677,RUBIA
678,CAZAR
679,COREA
680,CASCO
681,GUAPA
682,FALSA
683,SIGAS
684,TENES
685,DUCHA
686,ABRIL
687,METAL
688,AMADO
689,CESAR
690,ALDEA
691,SOLAS
692,OBRAS
693,COMIO
694,VERIA
695,PRIMA
696,BESAR
697,CUBRE
698,USABA
699,DELTA
700,ATACA
701,DIGNO
702,AEREA
703,FALSO
704,MOVIL
705,ROLLO
706,VIVIO
707,DEMOS
708,VIERA
709,RANGO
710,PLENA
711,FRASE
712,AGUAS
713,CRUCE
714,ANDAN
715,DEBAS
716,HUELO
717,JUNIO
718,ONDAS
719,TEMES
720,JAPON
721,FURIA
722,BAJAS
723,BARRA
724,DIRAN
725,TEMIA
726,ANIMO
727,PATIO
728,OPINA
729,GORDA
730,VILLA
731,BREVE
732,CERRO
733,RIFLE
734,HARTA
735,VACIO
736,PASTA
737,CLARA
738,JUDIO
739,DALES
740,PAGAS
741,GRITO
742,DIOSA
743,CARLA
744,CUERO
745,PONME
746,BAILA
747,DARAS
748,AGUJA
749,ESPIA
750,HOJAS
751,TOCAS
752,SUFRE
753,SUBIO
754,MIRAN
755,SIRVO
756,ASUMO
757,HUESO
758,DIETA
759,RONDA
760,GANAN
761,ALTOS
762,OCUPO
763,HALLO
764,PONLE
765,VELAS
766,TALLA
767,CAIGA
768,CAÑON
769,OIMOS
770,JOYAS
771,DOLAR
772,ZORRA
773,GESTO
774,ROCAS
775,BAHIA
776,RUMOR
777,ROPAS
778,CIRCO
779,VACAS
780,USARE
781,LANZO
782,ACTOS
783,ECHAS
784,PATAS
785,MORAL
786,GRITA
787,CUEVA
788,PARES
789,VENDO
790,ROSAS
791,INDIA
792,PUTOS
793,MISIL
794,SEXTO
795,PLANO
796,SABRE
797,TEMOR
798,FIRMO
799,REZAR
800,CITAS
801,PONIA
802,CRECI
803,QUEMA
804,PONLA
805,MOTEL
806,ENANO
807,CREAN
808,PIDES
809,PIDEN
810,LOGRA
811,IDEAL
812,JEFES
813,GRAL.
814,TALES
815,GRANO
816,MONJE
817,RUSIA
818,HUECO
819,PELEO
820,AVISA
821,PALMA
822,ADORA
823,ODIAN
824,ISLAS
825,NIEGO
826,TINTA
827,LOBOS
828,ATRAE
829,COBRO
830,CIVIL
831,SUCIA
832,AEREO
833,HERIR
834,VODKA
835,VALEN
836,TRIBU
837,CAERA
838,VENID
839,QUEMO
840,CRUZO
841,CRIAR
842,PANEL
843,VIAJA
844,CURAR
845,TIRAS
846,VERSE
847,LUCHO
848,VOCES
849,SIGNO
850,GASTO
851,CUIDE
852,CUIDO
853,METEN
854,SELLO
855,TOCAN
856,PERLA
857,REUNE
858,OIRLO
859,POEMA
860,OCUPA
861,BARON
862,MIAMI
863,DOBLA
864,JAULA
865,TRAIA
866,PODES
867,HIJAS
868,GRASA
869,RADAR
870,HABRE
871,COGIO
872,GUION
873,ATADO
874,DEPTO
875,PIANO
876,CANTO
877,ABUSO
878,USARA
879,FLUJO
880,AUTOR
881,ENERO
882,SOÑAR
883,NORMA
884,CRUZA
885,ALTAS
886,TIREN
887,POSEE
888,MATES
889,SALTE
890,PARTO
891,METAN
892,LUCIR
893,DORMI
894,VOTOS
895,HAZLE
896,LANCE
897,TIROS
898,ABRAS
899,BASES
900,PRESO
901,PRESA
902,SABLE
903,MARZO
904,FRUTA
905,NUBES
906,TEMEN
907,DANZA
908,DABAN
909,MAFIA
910,PELOS
911,SACAN
912,TARDA
913,QUEJA
914,HALLA
915,CRECE
916,SUENE
917,TRONO
918,GAFAS
919,RATON
920,PEGAR
921,PISOS
922,SERLO
923,OIDOS
924,NEGAR
925,DURAR
926,PACTO
927,SABIO
928,CAUSE
929,LAPIZ
930,OPERA
931,RENTA
932,SUSTO
933,SELVA
934,DAÑAR
935,ACTUO
936,BALON
937,NIETO
938,DRAMA
939,CHOCA
940,CULPO
941,EXIJO
942,CIEGA
943,JUDAS
944,ECHES
945,EXIGE
946,VITAL
947,BODAS
948,FERIA
949,ROBAN
950,ACIDO
951,TIMON
952,VENDI
953,ARMAR
954,INDIO
955,TENIS
956,VIAJO
957,MACHO
958,SUBES
959,OREJA
960,ABREN
961,ABRES
962,TABLA
963,JODAS
964,JODAN
965,SIRVA
966,UNIDO
967,PLUMA
968,COMAS
969,LICOR
970,COMAN
971,CALEB
972,VIVAS
973,HADAS
974,RARAS
975,TIMES
976,GIRAR
977,ACOSO
978,DUROS
979,SIMON
980,TRECE
981,LLORO
982,JABON
983,LLORA
984,DUEÑA
985,MONOS
986,ELEGI
987,CAIGO
988,SOBRA
989,CAZAS
990,PELEE
991,ENOJO
992,DESEE
993,CAMAS
994,TUMOR
995,SORDO
996,VAGON
997,ETAPA
998,ROGUE
999,BICHO
1000,ACTUE
1001,CAJON
1002,PESCA
1003,CERRE
1004,SONDA
1005,DADAS
1006,PINTO
1007,CLAVO
1008,ECHEN
1009,FALTO
1010,LASER
1011,LOCAS
1012,VALIA
1013,VALGA
1014,ALEJA
1015,GRITE
1016,LGUAL
1017,FALLE
1018,MILLA
1019,TARTA
1020,NAZIS
1021,BARBA
1022,VENDA
1023,PARAS
1024,TUYOS
1025,GASES
1026,GOTAS
1027,ACUSO
1028,PLENO
1029,PLAGA
1030,LUCHE
1031,BAÑOS
1032,MAPAS
1033,CAGAR
1034,JAMON
1035,ORINA
1036,ANDEN
1037,COPAS
1038,POKER
1039,AMADA
1040,BOXEO
1041,ARROZ
1042,CELOS
1043,DIANA
1044,TEMER
1045,DEJAD
1046,ROJAS
1047,OIRTE
1048,TARDO
1049,AREAS
1050,MENTI
1051,QUEJO
1052,QUEME
1053,MESAS
1054,TROPA
1055,LABOR
1056,RODAR
1057,ZONAS
1058,FALDA
1059,PATEO
1060,LLORE
1061,TALON
1062,ASILO
1063,DUELO
1064,CORRI
1065,MONTO
1066,CAVAR
1067,DURAS
1068,SUYOS
1069,VELOZ
1070,FATAL
1071,VIUDA
1072,MOSCU
1073,TUBOS
1074,REHEN
1075,PEGUE
1076,DUQUE
1077,GOLFO
1078,ANUAL
1079,DADOS
1080,IRIAS
1081,COGES
1082,RABIA
1083,CUYOS
1084,CULTO
1085,CANSE
1086,RUEGA
1087,FILAS
1088,DICHA
1089,VIOLO
1090,VACIA
1091,COFRE
1092,PASTO
1093,ECHAN
1094,FICHA
1095,VALIO
1096,PESTE
1097,VALES
1098,BURLA
1099,BONOS
1100,REVES
1101,TUYAS
1102,UNETE
1103,ROJOS
1104,TIRES
1105,TIRAN
1106,RIVAL
1107,ALBUM
1108,VASOS
1109,VOTEN
1110,LUCEN
1111,TOKIO
1112,OTOÑO
1113,ATAUD
1114,GASTA
1115,OIGAS
1116,PLAZO
1117,HORNO
1118,MUROS
1119,LLENE
1120,VINOS
1121,ABEJA
1122,JUGUE
1123,HUEON
1124,ORCOS
1125,SOLAR
1126,TORTA
1127,OIRME
1128,CICLO
1129,CHUPA
1130,SOPLA
1131,MULTA
1132,MANTA
1133,TORPE
1134,ILAMA
1135,VEIAS
1136,FINGE
1137,SUEÑA
1138,PIDAN
1139,PIDAS
1140,BAJAN
1141,LITRO
1142,APOYA
1143,YEGUA
1144,QUEEN
1145,POETA
1146,PORNO
1147,VARON
1148,TEXTO
1149,LUZCO
1150,DUANE
1151,MORIA
1152,POLIS
1153,HABIL
1154,ROMAN
1155,ALIAS
1156,BESOS
1157,FIBRA
1158,LATAS
1159,CORRA
1160,NACER
1161,FUMAS
1162,DURAN
1163,OPINO
1164,DOLER
1165,BUQUE
1166,ELIJO
1167,ROMEO
1168,SENTO
1169,ROMPO
1170,ROMPA
1171,PALOS
1172,BOTES
1173,TORAX
1174,MOSCA
1175,RUBIO
1176,ZORRO
1177,BINGO
1178,NIGEL
1179,BILBO
1180,ODIAR
1181,EMAIL
1182,HONRA
1183,RINGO
1184,FILME
1185,EBRIO
1186,ATADA
1187,AIRES
1188,PESAN
1189,LEERE
1190,CHOCO
1191,VUELE
1192,BRISA
1193,USADA
1194,COSMO
1195,HARTE
1196,PUÑOS
1197,HAWAI
1198,GRIPE
1199,PURAS
1200,LENTA
1201,VAPOR
1202,MEDIR
1203,AROMA
1204,NAVAL
1205,BARES
1206,ROBAS
1207,FRENO
1208,RIÑON
1209,TANGO
1210,SALAS
1211,PARAN
1212,JUSTA
1213,EUROS
1214,PIZCA
1215,CIFRA
1216,BAILO
1217,ROBLE
1218,RAROS
1219,ARDER
1220,TENED
1221,PAVOS
1222,ACUSA
1223,SALID
1224,PARTA
1225,JAQUE
1226,LAZOS
1227,PENAS
1228,SUBEN
1229,MISSY
1230,DAMON
1231,GUIAR
1232,VOTAR
1233,LUCIO
1234,ROBOS
1235,REESE
1236,GASTE
1237,CABRA
1238,MATON
1239,ATAJO
1240,JEQUE
1241,RAMAS
1242,LECHO
1243,AIGUN
1244,MARTA
1245,MARTE
1246,HACED
1247,MUDAR
1248,BAJOS
1249,HACHA
1250,CALVO
1251,JODIO
1252,SESOS
1253,EVITA
1254,POZOS
1255,COMIA
1256,TORNO
1257,BAJES
1258,FUNDO
1259,ACERA
1260,DUDAR
1261,BARRO
1262,PEDIA
1263,RUTAS
1264,OCUPE
1265,ALLAN
1266,CURVA
1267,SUERO
1268,PROBE
1269,VENAS
1270,DEVON
1271,SURGE
1272,GENES
1273,PEGAS
1274,HIRIO
1275,LINUX
1276,BRUTO
1277,ASADO
1278,ETICA
1279,VALLA
1280,SERLE
1281,TRAED
1282,DOLIO
1283,NACEN
1284,CORRO
1285,MAREA
1286,SERTE
1287,BEBIO
1288,DEBRA
1289,FACHE
1290,RECTO
1291,LUNAR
1292,LATIN
1293,MARGE
1294,OMURA
1295,JURAR
1296,LIBRA
1297,SUDOR
1298,BESAS
1299,SENOS
1300,AVISE
1301,AUDIO
1302,PASEA
1303,LIMON
1304,LEELO
1305,AHOGO
1306,IRIAN
1307,AHOGA
1308,FLUYE
1309,FLUYA
1310,ALFIL
1311,TESIS
1312,OVEJA
1313,TINTO
1314,ROTAS
1315,CABEN
1316,ESTÀS
1317,PERSA
1318,COGEN
1319,FILMO
1320,GRUTA
1321,BUFON
1322,ODIES
1323,SORDA
1324,LEEME
1325,PANZA
1326,DADME
1327,CASES
1328,COGED
1329,VAGAR
1330,BLUES
1331,MADAM
1332,EMITE
1333,PESAS
1334,VAGOS
1335,TAXIS
1336,ELFOS
1337,JARRA
1338,MODUS
1339,CASAN
1340,AUDAZ
1341,ROTOS
1342,FICUS
1343,SEÑAS
1344,CEJAS
1345,CAFES
1346,HOBBY
1347,NIETA
1348,PUDRA
1349,CANSO
1350,COBRE
1351,APAGO
1352,CANTE
1353,ANTRO
1354,MILAN
1355,NINJA
1356,HUYAN
1357,MUSLO
1358,PINTE
1359,CANSA
1360,RUINA
1361,HIMNO
1362,PLOMO
1363,MITOS
1364,TAPAR
1365,ROYAL
1366,NOTAR
1367,GALAN
1368,CULPE
1369,SUTIL
1370,NUDOS
1371,DIGNA
1372,TIBIA
1373,HUYES
1374,ANCHO
1375,RISAS
1376,HUYEN
1377,CENAS
1378,SEMEN
1379,JEANS
1380,CULOS
1381,VIOLA
1382,ALETA
1383,TIFON
1384,ATICO
1385,TURCO
1386,FALTE
1387,DPTO.
1388,BALDE
1389,USALO
1390,MICRO
1391,BACON
1392,JUDIA
1393,LABIO
1394,CUYAS
1395,RACHA
1396,DECIS
1397,CAROS
1398,TACOS
1399,CARPA
1400,MOVIA
1401,MAMAS
1402,VALGO
1403,TRIGO
1404,PATAN
1405,GRABE
1406,MOVIO
1407,GRABA
1408,CERDA
1409,COSER
1410,ALEJE
1411,GRABO
1412,PISAR
1413,PISAS
1414,GALLO
1415,VALER
1416,POTRO
1417,PINZA
1418,PESOS
1419,QAEDA
1420,OLIDO
1421,QUERO
1422,GANSO
1423,DIQUE
1424,PARCE
1425,MOTOS
1426,VENIS
1427,FRITO
1428,TARRO
1429,ARMES
1430,BARCA
1431,LAMER
1432,FRENA
1433,VEROS
1434,FARSA
1435,SECAS
1436,VEALO
1437,CAPAS
1438,CRIAS
1439,OPONE
1440,BLEDO
1441,ALTAR
1442,RANAS
1443,PARAD
1444,JUSTE
1445,MOCOS
1446,SACOS
1447,COLON
1448,TERCO
1449,VENCE
1450,NAVIO
1451,ALGAS
1452,PEINE
1453,APODO
1454,BUCEO
1455,PANDA
1456,AMARE
1457,RENAL
1458,POSEO
1459,BORRA
1460,BORRO
1461,SECOS
1462,JORGE
1463,VINCI
1464,SEXTA
1465,FUSIL
1466,CURAS
1467,CESTA
1468,COLGO
1469,DÒNDE
1470,HIPPY
1471,ROBEN
1472,MATEO
1473,NIÑEZ
1474,FEIIZ
1475,POSAR
1476,VIENA
1477,MAGOS
1478,AGUDO
1479,FLACO
1480,GOTEO
1481,AÑADE
1482,LUCIA
1483,SRES.
1484,COLAS
1485,SUSHI
1486,REJAS
1487,CAGAN
1488,ZURDO
1489,FORZO
1490,TENLO
1491,ORINE
1492,HILOS
1493,ABRIA
1494,GUIAS
1495,ABRID
1496,PLANA
1497,CHOZA
1498,HONDO
1499,SUBAS
1500,SECTA
1501,VENTE
1502,CRUDO
1503,BLUSA
1504,ANDES
1505,HEDOR
1506,POSTE
1507,CABOS
1508,HONGO
1509,VASTO
1510,RINDO
1511,MUEVO
1512,DONAR
1513,NOBEL
1514,RIETE
1515,SUBIA
1516,METIA
1517,LANDO
1518,SELLA
1519,HAZLA
1520,PULPO
1521,VASTA
1522,MIGAS
1523,TENSA
1524,SUFRO
1525,TENSO
1526,PENES
1527,SUFRI
1528,ROGAR
1529,FORMO
1530,CEDAR
1531,OZONO
1532,DEBAN
1533,GORRA
1534,CUBOS
1535,GORRO
1536,LIGAR
1537,LIGAS
1538,CRASH
1539,HUELA
1540,CRASO
1541,PILAS
1542,EDEMA
1543,REDES
1544,ASUME
1545,ASUMI
1546,ASUMA
1547,JODES
1548,TAZAS
1549,DENSO
1550,JALAR
1551,BASAN
1552,REUNA
1553,CELIA
1554,AGITA
1555,OMEGA
1556,SOPLO
1557,FRUTO
1558,DENOS
1559,PAUSA
1560,OIRLA
1561,LAPSO
1562,BULTO
1563,MANTO
1564,ERASE
1565,SUECO
1566,DABAS
1567,FINJO
1568,HOYOS
1569,UNIDA
1570,TOROS
1571,FIJAR
1572,FIJAS
1573,PAÑAL
1574,CHULO
1575,EVITO
1576,ARABE
1577,HURRA
1578,TAMPA
1579,EVITE
1580,PEDAL
1581,RAZAS
1582,TEMAN
1583,MASAS
1584,FRIAS
1585,VEIAN
1586,CALME
1587,FUERE
1588,FUNDA
1589,UNIRA
1590,HALEH
1591,CRACK
1592,GANEN
1593,REZAS
1594,GANES
1595,FINCA
1596,CALLO
1597,CITAR
1598,CALIZ
1599,TAZON
1600,TONOS
1601,PILLO
1602,RAMOS
1603,SATAN
1604,RAMPA
1605,GARRA
1606,MENTA
1607,RAMON
1608,CREED
1609,MASON
1610,COÑAC
1611,PROBO
1612,FENIX
1613,IDOLO
1614,USUAL
1615,SUIZA
1616,HAYES
1617,VERGA
1618,BANCA
1619,GAJES
1620,SOLTO
1621,ULTRA
1622,FEROZ
1623,PORTA
1624,AMBER
1625,BROTE
1626,BANDO
1627,PONED
1628,PEDOS
1629,SUENO
1630,VIVAN
1631,ONZAS
1632,BRONX
1633,DAROS
1634,NAZCA
1635,TUTOR
1636,FREIR
1637,ANIMA
1638,BOLOS
1639,SUYAS
1640,GALOS
1641,TOMAD
1642,ANOTA
1643,PEGAN
1644,BATIR
1645,IDEAR
1646,PACES
1647,RODEA
1648,GOZAR
1649,SUPON
1650,RODEO
1651,SPRAY
1652,ELEVA
1653,PAGOS
1654,HANZO
1655,NATAL
1656,OSITO
1657,BATES
1658,SIMIO
1659,MONGO
1660,MOROS
1661,CHAPA
1662,TACTO
1663,GRAMO
1664,PATEA
1665,CAIRO
1666,AORTA
1667,POLLA
1668,SENDA
1669,SANOS
1670,VELLO
1671,PUROS
1672,RAYAS
1673,PATOS
1674,ADAMA
1675,SEAIS
1676,MONJA
1677,BUZON
1678,TRAGA
1679,SUDAR
1680,APURO
1681,MOJAR
1682,TREPA
1683,DUELA
1684,GRATA
1685,JUZGA
1686,BRUJO
1687,COJAS
1688,TRABA
1689,VICIO
1690,COJAN
1691,CHIVO
1692,LOCUS
1693,TRAPO
1694,DOLIA
1695,PRIOR
1696,MARES
1697,MONTA
1698,SERVI
1699,CHIPS
1700,BEBIA
1701,HUIDO
1702,RECTA
1703,LUNAS
1704,FUMEN
1705,BEBEN
1706,TRAMA
1707,UTERO
1708,CUOTA
1709,TRAMO
1710,RICAS
1711,DAGAS
1712,BABOR
1713,BOTIN
1714,PRIME
1715,ANSIO
1716,ELIJA
1717,JURAS
1718,BEBAN
1719,BEBAS
1720,MAESE
1721,TORCI
1722,SENTE
1723,MUTUO
1724,SUMAS
1725,LETAL
1726,CHILE
1727,MARLA
1728,ENOJA
1729,BOCAS
1730,CUBRO
1731,OIRAN
1732,CEDER
1733,CORAL
1734,MANGA
1735,BOTAR
1736,CUBRA
1737,MANGO
